date,const,autoregressive,financial_conditions,policy_conditions,intermediation,housing,leverage,external_sector,intermediation_detrend,financial_conditions_diff,housing_diff,external_sector_diff,leverage_L4,external_sector_L1,real_y_ms_hz_4
2004-03-31,1.0,1.1854956547071636,1.8509828713890017,-1.2674261173992323,-2.240880781965733,0.2991620601510019,-0.23402600409015722,0.7331881528357811,-0.23707235789645376,-0.5567478613005516,-2.035445315136125,0.6840934302580711,-0.6647132519923334,0.5354272145746307,10.50043220467478
2004-06-30,1.0,0.9986800948136217,1.4249245341587495,-1.0933110434992832,-1.8800042892703808,0.15162405527942888,-0.08358821907730782,0.8994737926802585,0.010925334498932404,-0.8798757058187352,-2.2883551616465807,0.5781440293263911,-0.5720479113473924,0.7331881528357811,11.382368396195265
2004-09-30,1.0,0.9357500887259262,1.3985826223339815,-0.6455600230292872,-1.8915657207552232,-0.4544633663942422,0.2954510442651236,1.392883989168449,-0.1112136545312512,-0.7764026307355936,-2.433816788448402,1.1060417820187212,-0.966003019878021,0.8994737926802585,11.441259981462327
2004-12-31,1.0,0.732782336968364,1.3909214846206306,-0.813126839412719,-1.970484820769645,-0.5685865960423873,0.41557601500836405,1.8062828854804187,-0.29840906933638944,-0.5796375668007694,-1.6765631150038611,1.2708556709057879,-0.9934396406952889,1.392883989168449,13.825051572524671
2005-03-31,1.0,0.7389595781659263,1.361504975477516,-1.0001358583035274,-1.8371950020577643,-0.5028602542912346,0.23463085570310824,1.7415101214262603,-0.2710943226606002,-0.4894778959114858,-0.8020223144422365,1.0083219685904792,-0.23402600409015722,1.8062828854804187,14.508529806853376
2005-06-30,1.0,0.8699003517216553,1.2406122509310995,-0.906817422662848,-1.7102768901773149,0.06893037437906778,0.19899771739155991,1.6128766392688159,-0.2478500400616177,-0.18431228322765003,-0.0826936809003611,0.7134028465885573,-0.08358821907730782,1.7415101214262603,15.608771907052098
2005-09-30,1.0,0.8786439658344832,1.1960916465818148,-1.3491223727493848,-1.776616857097392,0.8809455887702748,0.08092855381813542,1.0279632300396684,-0.41556259350853697,-0.20249097575216668,1.335408955164517,-0.36492075912878064,0.2954510442651236,1.6128766392688159,15.309406623450839
2005-12-31,1.0,1.2325647119501577,1.14605100483921,-0.9225919357863017,-1.548668999485847,1.5920152336264577,0.4505127650866021,0.6141110323739285,-0.28668607966920945,-0.2448704797814205,2.160601829668845,-1.1921718531064902,0.41557601500836405,1.0279632300396684,13.187392307170477
2006-03-31,1.0,1.334040498488878,1.073115151837117,-0.8311269462237653,-1.0980991582684259,1.9585908706261121,0.5210535954155001,0.5991103868732655,0.06711366053061885,-0.288389823640399,2.461451124917347,-1.1423997345529948,0.23463085570310824,0.6141110323739285,13.025924638510045
2006-06-30,1.0,1.4973930778293696,0.9392124304457354,-0.691310324822346,-1.29893592654298,2.247861728012141,0.41993315380110674,0.6910555161454853,-0.2281919660069034,-0.30139982048536407,2.1789313536330734,-0.9218211231233305,0.19899771739155991,0.5991103868732655,11.120948199889513
2006-09-30,1.0,1.4529464135611772,0.850323253328938,-0.6451174172976231,-1.1418898658896794,1.9150229312746347,0.1294639852347451,1.1587107675194108,-0.16331352086194628,-0.3457683932528768,1.03407734250436,0.13074753747974244,0.08092855381813542,0.6910555161454853,12.298075384398688
2006-12-31,1.0,1.1378916525233669,0.8844719504988015,-0.5361599137816909,-1.2897622880217705,1.7235130704672497,-0.09667838807307878,2.0259383659319017,-0.4010523157477559,-0.2615790543404086,0.13149783684079197,1.4118273335579732,0.4505127650866021,1.1587107675194108,13.71677964461564
2007-03-31,1.0,1.1139186013639781,0.8631976392362355,-0.6205471862488933,-1.1711821226970365,1.6674192810758661,0.2303292778030765,2.0814570015807674,-0.3700372804221157,-0.20991751260088143,-0.291171589550246,1.482346614707502,0.5210535954155001,2.0259383659319017,13.832706618316903
2007-06-30,1.0,0.8310873819666086,0.5986186675995991,-0.7473796019844464,-0.9131929942417065,1.9935079250655738,0.5615311876088647,1.7036667074411902,-0.19731203921125506,-0.3405937628461363,-0.2543538029465673,1.0126111912957048,0.41993315380110674,2.0814570015807674,13.632001811943306
2007-09-30,1.0,1.00585506424913,0.5596447325991,-0.6960392585533318,-0.6566959006796708,2.0496649065602313,1.8758583530099366,1.2696669604746291,-0.023777590139063887,-0.290678520729838,0.13464197528559652,0.1109561929552183,0.1294639852347451,1.7036667074411902,13.615052319253863
2007-12-31,1.0,1.2164896147593542,0.5421321384479746,-0.31390824150868724,-0.7939555738116344,1.8507494335444334,2.5504809218053413,1.1159284171074508,-0.24169866500624737,-0.34233981205082686,0.12723636307718378,-0.9100099488244509,-0.09667838807307878,1.2696669604746291,6.882537027066005
2008-03-31,1.0,1.2337012540574857,0.47912030268974004,-0.07717500162178502,-0.5012370946264247,1.4669197762197206,2.709848680382332,1.0508550405595636,-0.027340344801632832,-0.38407733654649545,-0.20049950485614554,-1.0306019610212038,0.2303292778030765,1.1159284171074508,3.9758577097402936
2008-06-30,1.0,1.203902678088397,0.48868910397462323,0.04609161724863001,-0.43225030671852194,1.1748425282293007,2.811302220741974,1.0048489907829843,-0.03441247311969997,-0.10992956362497591,-0.8186653968362732,-0.6988177166582059,0.5615311876088647,1.0508550405595636,-2.3319475131391987
2008-09-30,1.0,1.2013861925359597,0.20756573802170877,0.29430991155517067,-0.1685059740531878,0.5922400294806554,2.317704442386591,1.0960303914599971,0.1555741860742883,-0.3520789945773912,-1.457424877079576,-0.17363656901463198,1.8758583530099366,1.0048489907829843,-13.38116363752102
2008-12-31,1.0,0.2018118822731984,0.5457521445922846,0.45076253463616467,0.007065115787771467,0.017367244818975842,1.5441123883472259,0.26737446319296476,0.25968884519852664,0.0036200061443100173,-1.8333821887254576,-0.8485539539144861,2.5504809218053413,1.0960303914599971,-14.077841600087837
2009-03-31,1.0,-0.22974183096414694,0.7150433707762565,0.6770203582019297,-0.08646181310143196,-0.2042076614341771,1.0849326234762058,-0.6008947577679593,0.0970067283472268,0.23592306808651642,-1.6711274376538976,-1.651749798327523,2.709848680382332,0.26737446319296476,-12.24310804266353
2009-06-30,1.0,-1.1662595782387533,0.7477964406571387,0.9511404166068622,0.02735542286597419,-1.2014479542726864,-0.13858810652922363,-2.003125857392869,0.14397001910716106,0.25910733668251545,-2.376290482501987,-3.007974848175853,2.811302220741974,-0.6008947577679593,-6.676801394982956
2009-09-30,1.0,-2.8067330279298,0.5388233245860026,0.12702756839935758,-0.1748447983430253,-1.3956661222735545,-0.06230450311337572,-2.647003483399769,-0.12278290455468494,0.3312575865642938,-1.9879061517542098,-3.743033874859766,2.317704442386591,-2.003125857392869,-1.253030968544755
2009-12-31,1.0,-2.910168573737775,0.46194514277736365,0.27976673663326557,-0.08979090183865693,-1.1372342278008152,0.15969624420672293,-2.7021447617832326,-0.09998046774853855,-0.08380700181492096,-1.154601472619791,-2.9695192249761972,1.5441123883472259,-2.647003483399769,2.2892314145558146
2010-03-31,1.0,-2.6377662915912516,0.34698580081425384,0.6211163813012316,0.010934057610251242,-1.0548767607379237,0.25795595941200505,-1.9908910837673597,-0.05920572524322786,-0.3680575699620026,-0.8506690993037466,-1.3899963259994004,1.0849326234762058,-2.7021447617832326,1.432385800177749
2010-06-30,1.0,-1.8113385916018427,0.29287135493447863,1.0331123252182355,0.6794823652295712,-0.44859563348508835,0.49641536105927886,-0.3424492287657117,0.5516936081871195,-0.45492508572266005,0.752852320787598,1.6606766286271573,-0.13858810652922363,-1.9908910837673597,0.19828652264954894
2010-09-30,1.0,-1.0060731970588292,0.21077911740647745,0.9232090079754209,0.647499630254003,-0.553926976036184,0.5105605096563021,0.5970273688912511,0.46436314177720295,-0.3280442071795251,0.8417391462373705,3.24403085229102,-0.06230450311337572,-0.3424492287657117,3.9799595828238887
2010-12-31,1.0,-0.48015467705694714,0.058317503582579124,0.8346342625925222,0.6014202818064451,-0.8742746717601059,0.7537826008083246,0.5464296302233251,0.365237304649922,-0.4036276391947845,0.2629595560407093,3.2485743920065575,0.15969624420672293,0.5970273688912511,4.621526435073298
2011-03-31,1.0,-0.6073702609543136,-0.0027369547757585388,0.7382287369500444,0.4394811942125405,-0.9785481202520843,1.0029429219425177,0.27857420193853744,0.1525529711309188,-0.34972275559001237,0.07632864048583943,2.269465285705897,0.25795595941200505,0.5464296302233251,5.174630511938516
2011-06-30,1.0,-0.7905965709728607,-0.1847046256424128,1.010600878636996,0.8100806741945894,-1.0185213348467372,1.3066702924581186,0.2880065173471655,0.47470844794249367,-0.47757598057689143,-0.5699257013616489,0.6304557461128772,0.49641536105927886,0.27857420193853744,6.1015448326507515
2011-09-30,1.0,-0.22913282722923117,-0.17001798048456104,0.8457808707893603,0.5288855995436876,-0.7564125010930134,1.1691398317293202,0.27041493824949947,0.14737061287574327,-0.3807970978910385,-0.20248552505682937,-0.3266124306417516,0.5105605096563021,0.2880065173471655,6.8540346300647315
2011-12-31,1.0,-0.13387960967341136,-0.15476679637534504,0.9576043501550489,0.6772285305455541,-0.5741283003206218,1.0363599107282033,0.11359563366759977,0.2518720262163847,-0.21308429995792416,0.3001463714394841,-0.43283399655572535,0.7537826008083246,0.27041493824949947,7.152295316975854
2012-03-31,1.0,-0.051760431009591795,-0.08675368704369407,0.9679083227579293,0.728037243973163,-0.6398310094153101,0.8197071714273695,0.09366523603312686,0.2611404647373945,-0.08401673226793553,0.33871711083677414,-0.18490896590541056,1.0029429219425177,0.11359563366759977,7.492426632581517
2012-06-30,1.0,0.08585823045467628,-0.24931178233073198,0.897907036028658,0.9271906219000415,-0.46997557841290255,1.1643410599993336,-0.418106130194586,0.42105481051229743,-0.06460715668831918,0.5485457564338347,-0.7061126475417514,1.3066702924581186,0.09366523603312686,6.0324412399929805
2012-09-30,1.0,0.19758014085310213,-0.26917621021080507,0.9612885256756439,0.9069480276585828,-0.49648863887432154,0.9033361534201328,-0.5017551147932382,0.3638744268734886,-0.09915822972624402,0.25992386221869185,-0.7721700530427377,1.1691398317293202,-0.418106130194586,3.781812336216306
2012-12-31,1.0,0.24186280601743163,-0.23735399800862494,1.0505103056196412,0.9553058341669206,-0.48261673541590344,0.7792540306878982,-0.43518581717175453,0.37759568673910116,-0.0825872016332799,0.09151156490471835,-0.5487814508393543,1.0363599107282033,-0.5017551147932382,3.47663490190504
2013-03-31,1.0,0.29236198952315684,-0.14528387606002097,1.02370291517371,0.6117052995177663,-0.29976212786856116,0.41895985176431894,-0.5242158060702041,0.0016598482018457261,-0.058530189016326895,0.34006888154674897,-0.617881042103331,0.8197071714273695,-0.43518581717175453,2.7888799007523835
2013-06-30,1.0,0.07559844299489564,-0.33644521479984923,0.9235985582998485,0.5990184190010039,-0.46716605980804354,-0.05166212295218978,-0.16215182215574225,-0.041061093448392816,-0.08713343246911726,0.002809518604859007,0.2559543080388437,1.1643410599993336,-0.5242158060702041,3.048125708283611
2013-09-30,1.0,-0.25855168314895915,-0.2550731804133191,0.9264011881129068,0.5268296765015045,-0.49472918889664547,-0.134506800162815,-0.27045277342552926,-0.14098265432674395,0.014103029797485955,0.0017594499776760752,0.23130234136770894,0.9033361534201328,-0.16215182215574225,4.170139036948872
2013-12-31,1.0,-0.30386127550345515,-0.2921434886184725,0.51272752533555,0.40823761888907295,-0.5430551857000896,-0.13200461710123607,-0.293546295718828,-0.2850062875634022,-0.05478949060984756,-0.06043845028418615,0.14163952145292652,0.7792540306878982,-0.27045277342552926,3.6421351458507
2014-03-31,1.0,-0.40597203219265793,-0.17169320234597354,0.32694746966608856,0.12499590924531885,-0.6248968165029093,-0.27157574340623825,-0.32249021705410913,-0.591378330076758,-0.026409326285952578,-0.32513468863434813,0.201725589016095,0.41895985176431894,-0.293546295718828,3.7050993963377854
2014-06-30,1.0,-0.3674818932170763,-0.3342775235128106,0.2987790925054945,0.3721233928335754,-0.6263820555931453,-0.29141211733325234,-0.390987076041617,-0.36507993660347876,0.0021676912870386422,-0.15921599578510176,-0.22883525388587472,-0.05166212295218978,-0.32249021705410913,4.225329594916949
2014-09-30,1.0,-0.2008969468141192,-0.3902585679943601,0.19658933399676845,0.2555148246160942,-0.6602827257276255,-0.32950895922888984,-0.485102204551176,-0.5002163521813127,-0.13518538758104098,-0.16555353683098,-0.21464943112564672,-0.134506800162815,-0.390987076041617,3.899929124349466
2014-12-31,1.0,-0.2792895092302675,-0.39933432200423,0.6487020875746127,0.9671855819466704,-0.5565807911508321,-0.032428173200967955,-1.182187703020076,0.19522780054353617,-0.10719083338575752,-0.01352560545074255,-0.8886414073012481,-0.13200461710123607,-0.485102204551176,3.235535125176292
2015-03-31,1.0,-0.26994122786433133,-0.20608197291632593,1.5730752539223278,1.224882711700106,-0.5999132626708283,-0.5812145444713823,-1.1930864110851098,0.4389995684458676,-0.03438877057035239,0.02498355383208095,-0.8705961940310007,-0.27157574340623825,-1.182187703020076,3.410420445363016
2015-06-30,1.0,-0.19270282299564517,-0.18415466992415755,1.7279695176562262,1.1881554154606144,-0.6432801703375256,-0.9402664401767094,-1.3896641981402151,0.3906481531098982,0.15012285358865304,-0.0168981147443803,-0.9986771220985982,-0.29141211733325234,-1.1930864110851098,2.9705340382844003
2015-09-30,1.0,-0.24101492282913395,-0.11073926713771469,1.6436829816348908,0.9936543930530364,-0.6543854378529782,-1.1885038014405613,-1.6713431486622,0.18682425436046635,0.2795193008566454,0.005897287874647272,-1.186240944111024,-0.32950895922888984,-1.3896641981402151,0.8709199945522661
2015-12-31,1.0,-0.33965727931020295,-0.2279534118648194,1.52740854785398,0.9071388416200062,-0.7625704189757475,-1.61318878871033,-1.215884048970204,0.09328706934020692,0.17138091013941062,-0.20598962782491537,-0.03369634595012805,-0.032428173200967955,-1.6713431486622,0.1718423932969504
2016-03-31,1.0,-0.3136921138833126,-0.16889638303628426,1.2800221442388517,0.868310026171436,-0.7522492685453971,-1.3360262089242871,-1.2417200654846576,0.04973786305903283,0.03718558988004167,-0.15233600587456875,-0.04863365439954781,-0.5812145444713823,-1.215884048970204,0.694925484504072
2016-06-30,1.0,-0.37900190270173245,-0.2699439481303384,1.0256342073470424,0.7532536783596321,-0.7540352567671561,-1.247675280767289,-1.1565033109659026,-0.0677376328307514,-0.08578927820618085,-0.1107550864296305,0.2331608871743125,-0.9402664401767094,-1.2417200654846576,1.6266676542612934
2016-09-30,1.0,-0.6907309027111088,-0.376162605833409,0.5168291059640627,0.5445187997584772,-0.7590376849696642,-1.218898633736156,-0.9176989726208892,-0.27659041675526075,-0.2654233386956943,-0.10465224711668597,0.7536441760413107,-1.1885038014405613,-1.1565033109659026,3.761417270335965
2016-12-31,1.0,-0.794522722078495,-0.4806226392119152,0.2066027856494907,0.5058432300238107,-0.776398406955638,-0.7587754720913418,-0.7838739513117996,-0.31308264905865757,-0.25266922734709585,-0.013827987979890488,0.4320100976584045,-1.61318878871033,-0.9176989726208892,7.52922837408172
2017-03-31,1.0,-0.716860749188485,-0.5336176832415455,0.09773843473782864,0.4346560621147441,-0.852324430441443,-0.9121119999168403,-0.6149020101903304,-0.37978523678183,-0.36472130020526117,-0.10007516189604593,0.6268180552943272,-1.3360262089242871,-0.7838739513117996,8.02408757752653
2017-06-30,1.0,-0.5785252985793345,-0.7216031270936237,0.0002563185410528843,0.3946215829325784,-0.9596488273016257,-0.8342328742626233,-0.3385203986133611,-0.41303389302347665,-0.45165917896328533,-0.2056135705344696,0.8179829123525415,-1.247675280767289,-0.6149020101903304,8.163969105305169
2017-09-30,1.0,-0.2615797318091324,-0.9043633117118257,-0.20828445031622475,0.41010523657350606,-0.935590891258032,-0.7860963657443991,-0.11274972713346122,-0.38846317368740446,-0.5282007058784167,-0.1765532062883678,0.804949245487428,-1.218898633736156,-0.3385203986133611,7.62418839153669
2017-12-31,1.0,0.2978259318656598,-1.1240910809842022,-0.22468388374176995,0.5198474532560257,-0.7636609799056713,-0.9603123886177214,-0.05604368110069008,-0.2673326485551163,-0.6434684417722869,0.01273742704996672,0.7278302702111095,-0.7587754720913418,-0.11274972713346122,5.2024898655193
2018-03-31,1.0,0.37129751350981804,-1.0348653090656912,-0.03512018986919677,0.46823516298346357,-0.5205640205496742,-0.7952270901845512,0.0884917489443931,-0.3052553876232853,-0.5012476258241457,0.3317604098917688,0.7033937591347235,-0.9121119999168403,-0.05604368110069008,4.845331850541457
2018-06-30,1.0,0.3920656774990004,-1.190129931350605,-0.268415676603436,0.6819355380818354,-0.2529430052674084,-0.5785244312202635,0.03136926601359841,-0.0755642185658959,-0.46852680425698134,0.7067058220342173,0.3698896646269595,-0.8342328742626233,0.0884917489443931,4.818779921198169
2018-09-30,1.0,0.31192461413085015,-1.264144468844815,-0.09230695784171092,0.6933522662825858,-0.13458985655604946,-0.47521064694352066,-0.12252298943027758,-0.04585545365150201,-0.3597811571329892,0.8010010347019825,-0.009773262296816354,-0.7860963657443991,0.03136926601359841,6.332223563491568
2018-12-31,1.0,-0.04762416203264773,-1.3224785168325388,-0.26843301597940156,0.7150142426317533,-0.11745361006269683,-0.5401320019083516,-0.108856172546363,-0.003600197834067065,-0.19838743584833662,0.6462073698429744,-0.05281249144567292,-0.9603123886177214,-0.12252298943027758,7.632775730312291
2019-03-31,1.0,-0.1006512939413639,-1.1346640838064768,-0.26808126524840314,0.5968272321216539,-0.07781421124985244,-0.5664233674421116,-0.4236363167574429,-0.09889268612127444,-0.09979877474078558,0.4427498092998218,-0.512128065701836,-0.7952270901845512,-0.108856172546363,6.742154648036958
2019-06-30,1.0,-0.10459345007582668,-1.310693518236306,-0.13845568136733713,0.6585853218407788,0.0025391458857009657,-0.6242365387659635,-0.44224770619672915,-0.011938831424633034,-0.1205635868857009,0.2554821511531094,-0.47361697221032756,-0.5785244312202635,-0.4236363167574429,2.4351523849762913
2019-09-30,1.0,0.12010702503818872,-1.337815594789295,-0.34285323568470494,0.6435919649257356,0.10574049680381167,-0.5663746132401021,-0.4179246341095077,0.0005648193924652212,-0.07367112594448,0.24033035335986114,-0.29540164467923014,-0.47521064694352066,-0.44224770619672915,-2.2764462845100364
2019-12-31,1.0,0.3131995734679012,-1.3475451365832947,-0.2717837157543489,0.5887023049097191,0.31121134414422125,-0.349510430924437,-0.40967826603291335,-0.024526590136783932,-0.02506661975075586,0.4286649542069181,-0.30082209348655037,-0.5401320019083516,-0.4179246341095077,-7.153342738614676
2020-03-31,1.0,0.18096935706514877,-1.3283817409701533,-0.5498709683010105,0.6473626812422916,0.35609246550226076,-0.28162411759578054,-0.5259425760418968,0.06623327943717905,-0.1937176571636765,0.4339066767521132,-0.10230625928445386,-0.5664233674421116,-0.40967826603291335,-7.975759550364914
2020-06-30,1.0,-0.4584898390238023,-1.402615739190447,-0.5074696127032119,0.7678263886335907,0.03674571892566124,-0.08434736686457545,-0.5493820904228969,0.22109772282449403,-0.09192222095414104,0.034206573039960275,-0.10713438422616772,-0.6242365387659635,-0.5259425760418968,-3.781381715663068
2020-09-30,1.0,-1.1580193292503693,-1.4077719186420652,-0.7213344114255227,0.7283391441392919,-0.22035996629139096,0.2366517068583486,-0.4744959282858703,0.21831245708083524,-0.06995632385277029,-0.32610046309520263,-0.056571294176362585,-0.5663746132401021,-0.5493820904228969,-0.7346749617123116
2020-12-31,1.0,-1.8820905266810084,-1.4053141290218587,-0.42422863846759834,0.7301254090450782,-0.5477626410536437,0.09862528707424258,-0.5981525862412836,0.2591019434918873,-0.05776899243856404,-0.8589739851978649,-0.1884743202083703,-0.349510430924437,-0.4744959282858703,5.684235849268893
2021-03-31,1.0,-2.004194477682447,-1.3742395914620813,-0.2406728530777351,0.7531790425360437,-0.6991440690946885,-0.5111910568867883,-0.08518027649419269,0.32346004124274275,-0.04585785049192803,-1.0552365345969492,0.4407622995477041,-0.28162411759578054,-0.5981525862412836,7.764209423111756
