date,Real GDP_PctC_1y,Financial Cycle Index,Level_log_PctC_1y,Steepness_PctC_1y,Curvature,Policy rate_log_C_1y,Bank RoE,Liquidity ratio (HLA/Assets),CAR_C_1y,Mortgage stock_PctC_3y,Mortgage flow_PctC_3y,Mortgage interest rate_lag_1,Construction loans_PctC_2y,Real estate prices_log,Exchange rate_lag_1,Trade balance,Copper prices_lag_4_log,CAR_T1_lag_4,REER,Unemployment_lag_4_C_3y,CPI_C_1y,Lending_rate_C_3y,Deposit_rate_C_3y,Equity_index,Bond_yield_10Y_log_PctC_1y,Bond_yield_5Y_log_PctC_3y,Bond_yield_2Y_log_PctC_3y,Bond_yield_1Y_log_PctC_3y,Tbill_rate_log_PctC_2y,MoneyMarket_rate_log_PctC_3y,Gov_bond_rate_lag_1_log_PctC_1y,Stocks_return,Stocks_volatility_log_PctC_3y,Real_house_price,Rent_price,MP,MPI,MPI_capital
2003-03-31,,0.033258725129877,,,-0.004406921911762229,,,0.4447840767455335,,,,,,11.450333208630004,,-481.77380402093956,,,,,,,,,,,,,,,,,,,,,,
2003-06-30,,0.0316454164745795,,,-0.010822497829308775,,,0.477701584649592,,,,,,11.513032259267515,586.5833333333334,-534.9315044751513,,,,,,,,,,,,,,,,,,,,,,
2003-09-30,,0.0295652935595279,,,-0.03288586941203797,,,0.47634937625658447,,,,,,11.585613194056055,586.4233333333334,-534.9936943207778,,,,,,,,,,,,,,,,,,,,,,
2003-12-31,,0.0277467091758093,,,0.048839005438665095,,0.17759127794953314,0.47553712012701693,,,,,,11.619473786906784,577.4866666666667,-547.9271512317463,,,,,,,,,,,,,,,,,,,,,,
2004-03-31,0.07994866258795641,0.0279838929954545,0.2919341244628124,0.1341941246868259,-0.010504216783557091,,0.25097346217906935,0.4641175749923296,0.15662970465936799,,,,,11.683044826867269,564.5566666666666,-585.9275921142793,-0.27049724769767974,,,,,,,,,,,,,,,,,,,,,
2004-06-30,0.10392018141728343,0.031176494338876,0.34385635550783666,0.07268336640709938,-0.01459127233911267,,0.2539979218173613,0.44506219554680826,0.09826597079808155,,,,,11.728111035383355,565.2266666666666,-598.8797505542061,-0.2881816681283913,,,,,,,,,,,,,,,,,,,,,
2004-09-30,0.12829167798099061,0.0369451805355767,0.37660060500598624,-0.4247388986757704,-0.003959250128008213,,0.21843329087894975,0.47552559577607323,0.09058759954881226,,,,,11.724805824005728,551.14,-655.444989722017,-0.2190056399152421,,,,,,,,,,,,,,,,,,,,,
2004-12-31,0.09440796358263404,0.041911984237308,0.1149811352091441,-7.747609129583096,-5.3791666666663795e-05,-0.8109302162163283,0.3258685907978803,0.4707593620982341,0.029627729102712108,,,,,11.745623229089249,518.9866666666667,-645.1863067919053,-0.06740197174068659,,,,,,,,,,,,,,,,,,,,,
2005-03-31,0.08431476218133249,0.0438735310246673,0.23002472447596145,-0.45520194277908466,0.005447222222222256,-0.8754687373538999,0.30676663788423375,0.46280625373657963,0.050262164927270536,,,,0.6148208998142037,11.816726919301892,498.4533333333333,-669.0643576290681,0.21545637562515466,,77.3813467468835,,,,,21.0950012443707,,,,,,,,78.471879299848,,78.22959712275551,64.7080619262095,0.0,0.0,0.0
2005-06-30,0.14400842160821825,0.0472584420036363,0.1656949811890882,-0.4995677958292206,0.012636929992412865,-0.2876820724517808,0.2762312357524966,0.4512040734070305,0.012224600295472177,,,,0.6631339701172463,11.925035115797062,477.02666666666664,-699.0940628857932,0.20892291567423726,,81.3793245011561,,,,,37.9536885272102,,,,,,,,70.3253942129267,,89.0886870641495,63.2605683446541,0.0,0.0,0.0
2005-09-30,0.1276559538108617,0.0528279642308617,0.15582287769542025,-0.6120809385252379,-0.012731555555555552,-0.382992252256106,0.259890586167294,0.4557190661951712,0.03409582473175515,,,,0.6273436555337764,12.005179703150784,448.69666666666666,-695.8646263162373,0.250590902710507,,80.3122955212986,,,,,34.8736026387013,,,,,,,,73.8352572553304,,102.64020565982304,64.0937870394772,0.0,0.0,0.0
2005-12-31,0.17218982500052937,0.0611056067557178,0.041833270759657815,-0.038979235375374066,0.022073250000000016,-0.28768207245178123,0.15247996028981378,0.441778018398919,0.013157888040569166,,,,0.5530549216712417,12.065084952229196,452.68,-782.5936424726826,0.32438682857283846,,81.4765013754902,,,,,63.9111981503976,,,,,,,,71.1432132841733,,107.10228357525794,68.159745866707,0.0,0.0,0.0
2006-03-31,0.13103067963254378,0.0684172441658552,-0.02814329119488812,0.5589172084120482,0.02966979347826086,0.0,0.15518107544896279,0.4472437229078131,-0.02553212203821381,,,,0.542415793570981,12.12648816618733,452.34666666666664,-823.1002667652265,0.3685437385082704,33.7213316811631,81.0196350635421,,-1.6246088032371944,,,38.6754393773495,0.0205980381600801,,,,,,,58.8860943896532,,108.85477906906246,71.6159017509165,0.0,0.0,0.0
2006-06-30,0.19104298789504148,0.0730562635374885,-0.07055749445992521,0.8143877649719777,0.017936932466272038,-0.11778303565638337,0.16243634607201302,0.408322037445843,0.020104648521542312,,,,0.6840488134363805,12.15003125464655,450.9466666666667,-869.2243143500484,0.3952632456235678,29.6106559477813,82.0887721745637,,1.3513101260569869,,,89.9683249777099,0.07538927918419258,,,,,,-0.01600832435931121,75.6501567788915,,109.666246335486,66.6581308779802,0.0,0.0,0.0
2006-09-30,0.12160593782793927,0.0781027456151224,-0.12604290420964703,1.8144938855897892,0.015549434141921809,0.09531017980432521,0.1606732785988877,0.422743971104323,0.017149674688497374,,,,0.6021976197468557,12.240474072247506,436.7833333333333,-961.7085242472854,0.4923697953788712,31.8800198090011,89.8304525415446,,4.866234779789707,,,87.7313170348925,0.03625467036139529,,,,,,0.07897203196664648,66.0887717606904,,121.78424386859962,75.139843908853,0.0,0.0,0.0
2006-12-31,0.1042396863405004,0.085940502068284,-0.06809383787817991,-0.23269059435084904,0.014804108906467106,0.4054651081081646,0.1584848652639365,0.4124113866891686,0.012001021092013953,,,,0.9614719469731423,12.309982108920686,402.3866666666666,-1035.2545693281702,0.6607581107580677,31.6552711439718,95.3158409564673,,4.243721126212904,,,79.3799629437521,0.0034929064346469474,,,,,,0.08346048793178151,71.3553893189311,,129.4565694191416,70.3536919617273,0.0,0.0,0.0
2007-03-31,0.12124581486938912,0.103092637336255,-0.05636107098773402,-0.5211949760976466,0.0013073333333333548,0.20972053098206933,0.15490720192448618,0.4102627128522186,0.014254146737231077,,,,1.2116954010866459,12.372857463174999,374.03999999999996,-1198.450532040348,0.8027759131163638,31.5599534748342,97.2737657118427,,3.775570614376605,,,75.7132551720609,0.13969211429011685,,,,0.24383667360196126,,0.13675837814104375,67.500816269176,,132.83856530250694,70.9705122189895,0.0,0.0,0.0
2007-06-30,0.10156906562762669,0.128825317721751,0.034570169759948755,-0.8513338005501265,-0.004492666666666673,0.17185025692665912,0.15357268988713688,0.36749867984896306,-0.00979331136228151,,,,1.302053429904138,12.463810841608883,359.44000000000005,-1347.456089144494,1.193721079671122,29.9845762368465,96.7915716202547,,3.3808058584499037,,,107.193514097061,-0.037004049945835504,,,,0.19009872258789384,,0.1664242154088187,43.5365976723716,,143.9510023654645,77.4042096576362,0.0,0.0,0.0
2007-09-30,0.15738712688230372,0.163844622854974,0.03375235836172874,-0.8329808769463822,-0.0038093333333333312,0.08701137698962969,0.154676114842121,0.34709983126411026,-0.03943627283556983,,,,1.2332427721055068,12.507287732264539,353.96666666666664,-1541.1550669729836,1.253061080737525,31.4469619043433,99.4215919741663,,1.685341842610498,,,111.377653985706,0.05920045823156728,,,,0.35987924990200804,,0.03470781324091132,61.0513562938294,,155.66933203858687,76.8778845356704,0.0,0.0,0.0
2007-12-31,0.15052401103507584,0.200360836922623,-0.02690874816636757,-0.2494960694134637,0.016839333333333345,0.10536051565782634,0.14769787716889807,0.336595073134143,-0.04818566398948221,,,,1.610106992792153,12.551787749232565,337.83,-1906.84540333537,1.1652121917617566,32.6841170724682,104.454199189795,,5.028189551451987,,,138.543048422736,0.1028622481653807,,,,0.39689489930106303,,0.027213498918570167,54.1426878993041,,154.98350718860107,83.2258316159243,1.0,1.0,0.0
2008-03-31,0.13081380914204122,0.247337966401452,-0.07799164284325655,0.6853498491726129,0.008111706565504306,0.23922968906583408,0.14185165697340996,0.3045994480525587,-0.08100080557335115,,,,2.0503568769910956,12.566191651871462,317.07666666666665,-2099.3634023829045,0.9987955762395846,33.3575708779242,104.579859126092,,6.452885433418601,-1.3613414595460966,1.3395842324626202,133.499001329473,0.19211309194885384,0.7925220304087792,0.7498165175055278,0.6894494384359426,0.3295818739319498,0.4412744189242521,0.0504634209182786,56.0016692843459,-0.2128394968371803,149.38823425509622,87.106068350869,3.0,4.0,1.0
2008-06-30,0.09671050360705502,0.294999477922962,-0.09521445049497135,3.3491317116203643,0.020317354964919765,0.31365755885504143,0.13166143877212952,0.27106157251455193,-0.06426297495136063,10.112282637526764,10.112282637526762,,2.342220724629973,12.622477693676672,308.05333333333334,-2416.3129166434346,1.2416378208309693,31.4286340943312,103.402869475731,,8.317895850841808,-0.4794092031753969,0.024826294847974495,142.547160350771,0.17870571894377063,0.9071645082715396,0.9496639641807367,1.0396797267284303,0.23063150366472485,0.6153900870256606,0.1262386882832338,23.2561191652288,-0.07987018701621285,153.2827828051928,82.7639592977185,0.0,4.0,1.0
2008-09-30,0.15408555388318712,0.316487033315753,-0.11953723240248182,2.355607779252463,0.023428608724033267,0.4769240720903092,0.12499891477318313,0.2548792360095766,-0.04118572245657137,8.490868269294287,8.490868269294285,0.1953407821787948,3.0111820061901007,12.614865543731012,307.11000000000007,-2824.1361874507365,1.2424436943075305,30.2191957979629,106.99214606073,,8.910042984732002,-1.4346910783172966,0.27795441003688026,161.833098856569,0.20984869815171536,0.9207321630793632,0.668370663003806,1.109584008775228,0.29924553557329925,0.9387826129033878,0.0929897610489332,35.7632638163803,-0.10318263389113791,155.9496476562815,83.8193774990057,0.0,4.0,1.0
2008-12-31,-0.05870962173345673,0.282481194562501,-0.10072863022340084,0.007597960238000967,0.01685978861147297,0.438254930931155,0.13391005086213895,0.23830184006715766,-0.025647718610437298,6.529645797048936,2.726290689773979,0.14502906224692663,2.7830623974879547,12.584509081250419,302.3033333333333,-3127.4858959152575,1.1846772109663217,29.0455462260859,116.480718226097,,5.693722441251609,-0.463718896715001,1.6171497590479653,103.771528780139,0.1778836908462269,0.45315633406237077,0.6690962555815119,0.7532185251719936,0.29822584786608153,0.681688786222777,0.1414187543023422,0.29389474209574,0.16424643927404436,149.9571875734625,86.1723409659499,0.0,3.0,1.0
2009-03-31,-0.06416502000507329,0.200127393014374,-0.10765223717611994,-0.1737460816727473,0.018689205935078335,0.17520408902509077,0.09596430308178629,0.29054773940726936,-0.01006460412855198,5.512429303041815,0.38745932264897487,0.14221443107827214,2.2429385015319157,12.576946308868719,306.41,-3046.1682165549128,1.2594041999502763,26.4073251109405,111.942554991288,-2.6999999999999913,1.7663192284415885,2.271154882567597,2.8886623714721242,92.289416311001,0.11080691741382132,0.6548912545838896,0.75527494304564,0.8115203733691445,0.29796686444153164,0.6597756301254087,0.1407318016490211,-8.4501355456204,0.14066894654412931,148.04092273892886,87.314799316315,0.0,0.0,0.0
2009-06-30,-0.18736912895511615,0.111799372897535,-0.18723313204694847,0.39580459325651196,-0.0038627304823244946,0.10054122922187725,0.06618805657960704,0.31981528776969753,0.016870904694245847,3.8812527004772512,-0.026791307200091374,0.16803473198376426,1.998425770325491,12.465740971526756,325.56,-2834.8227278604813,1.331691266008133,25.3617675397472,98.2321144260282,-2.0333333333333075,3.0366519686675986,2.5489364319615895,3.0820113131357036,46.4922298424798,0.26616017631898736,0.547033194293201,0.4855847321135185,0.695933294694908,0.34727718484049896,0.2992221677577267,0.12412424072088957,-10.6008957326897,0.589384668323663,126.81418953660372,84.6818836991993,0.0,0.0,0.0
2009-09-30,-0.197895765259536,0.0749221584094003,-0.07062537156603044,1.202589502105302,-0.0042369461538461495,-0.26121549926361753,0.03427353128457743,0.3522660776676176,0.010321645199513063,3.1878705804782674,0.5026824664698126,0.1627851525152802,2.004216640031924,12.449018824140563,370.53,-2541.9245044414693,1.228203521641221,26.7102403980657,95.6865971559935,-1.4999999999999876,3.0138770789027944,2.103745503695599,2.966899225593915,36.6941013687987,0.1210366059231649,0.670915460717386,0.5501618794821401,0.5906024142920865,0.16221125179331408,0.03234229208467876,0.2741416571501867,-22.8427253299438,0.4705806141819604,127.77836447316022,86.9985267551214,0.0,0.0,0.0
2009-12-31,-0.07943176732103063,0.0695518339523142,-0.07726255427371287,1.1530912670019227,-0.02760637033219987,-0.438254930931155,0.033640082087581354,0.34441429774305315,0.009434786077741009,2.5321707762836003,0.855673549115386,0.15403407286467694,1.5694443424689974,12.500606192931057,372.64333333333326,-2366.282262466137,0.5665513186323954,26.9078933887954,91.1353812129533,-1.3666666666666805,4.365187204959398,2.0336307164853125,2.3273827863848977,80.5409427921437,0.13830925342400624,0.48478980660876125,0.4507823352171578,0.47355725477448796,0.14642298671905252,0.05641820513162821,0.13210769761117325,14.4274592243517,0.3981751720939304,131.47986596033158,89.0463709250962,1.0,1.0,0.0
2010-03-31,0.0718098021726119,0.0797259211098214,-0.06166958395276645,1.4379230265983334,-0.021781775240088452,-0.19671029424605413,0.050094177665145456,0.3391991415477148,0.02404437511700297,2.072119964392575,0.0728863860031923,0.14499949219527036,1.3118939364427642,12.521248282290877,384.40000000000003,-2417.473063950125,0.45948917055237465,25.4060646422006,93.759677949527,-1.1333333333333258,8.213029084517501,1.6797836041561958,2.3877078879003086,92.357086599297,0.11344157122036402,0.6222576554846999,0.5024496906010245,0.6401023340033738,0.16115829217105015,0.38742489756940657,0.13843375279558212,44.1676917129316,0.048002326094307435,128.3150496690711,86.4122676466453,0.0,1.0,0.0
2010-06-30,0.0917876389000225,0.101076705560838,-0.01315341828887806,-0.17553233271105695,-0.0250435202589932,-0.038409448114871125,0.0763729941858892,0.30089696624531054,0.008935403495503369,1.374451522104267,0.2186915569506731,0.140006753297762,0.9949910669345521,12.553202176625375,384.07666666666665,-2461.7697313190847,0.7637017948544546,27.3121534913546,98.6787932448689,-0.6333333333333453,6.426673885025792,1.8360104346906887,2.814050706817568,113.806671876946,0.031239380527971594,0.589510551804318,0.4851368879366662,0.6339444545844066,0.2454536662351321,0.47800432687138117,0.10583537778114738,21.8763339293973,0.04480332994737335,129.55125740395806,86.834842178611,1.0,2.0,0.0
2010-09-30,-0.05704708640720724,0.133066338764636,-0.09614124031663773,0.0700165986506458,-0.012018526050816492,0.26121549926361753,0.10173047090703255,0.3014512498233829,-0.015636766176924555,0.8529518325265111,-0.1481376137088699,0.13882833859428362,0.7237867409821392,12.506917704508236,384.32969696969695,-2454.0357442912314,0.9843009540527098,26.8145519190322,104.610079248825,-0.5333333333333217,7.39916938893731,1.0185548333129049,2.879202766379823,102.304106615919,0.07281002666867953,0.47026844788615785,0.3967091281163435,0.5664510992792922,0.1398841027641089,0.12733899480073285,0.029345329637724182,1.55987317710265,0.38616939217146173,125.2939707636318,83.1103923214976,1.0,3.0,1.0
2010-12-31,0.02985644619568184,0.167423479058814,-0.04464949742175295,0.005089264786295233,-0.037999828943775904,0.37156355643248284,0.10225910994504409,0.29472548162600126,-0.06192002469948202,0.6444615882654257,0.7553167378535837,0.13754828659968063,0.7703838796137725,12.471125599921594,365.5107142857143,-2326.4898461714793,1.1121175066801297,26.6936994075199,102.951449556779,-0.36666666666665293,8.195609046794601,2.2046229133814883,2.7028613934017507,85.3871284049124,0.04329248832713928,0.3651592358257765,0.35617900614992104,0.3838811067268171,0.09551921015894616,0.007629916602536424,0.0984671952004883,9.92386802691288,0.29601456426184036,117.41441546212288,80.6892876984403,0.0,2.0,1.0
2011-03-31,0.019312056083465423,0.198976251251694,0.01335476726429019,0.02249808366706274,-0.03917004814814817,0.2545298651348804,0.11098567446543135,0.28880720405212856,-0.07246817204303116,0.5277552254272684,-0.24898709913317052,0.12821950869819385,0.9173339819914885,12.459551396640457,360.7263257575758,-2279.71521207199,1.193893192234953,26.6986870277867,102.506018239578,-0.03333333333333144,10.877046171627512,1.466777809735099,2.3326486132968363,102.623503111709,0.01879054403116842,0.1872224867222707,0.1683427466833074,0.20528862524708114,-0.015651601860591335,-0.0572088340520458,0.036600466394672404,4.01270419977106,0.5015469487948261,108.61246935712524,90.9844254625359,2.0,4.0,2.0
2011-06-30,0.03431678358589063,0.223713368033973,0.029782887105225253,0.6401347129302646,-0.02994048959466855,0.19627990904466186,0.11750300481065996,0.26765319166425855,-0.0882784643301752,0.32353578309508824,-0.13368451874276066,0.12678788758045292,0.9368321285303471,12.456052850797944,366.1431803751804,-2275.4974173243068,1.1605601553691571,26.815852853853,96.9159102652179,-0.09999999999999964,8.835996062220005,-0.05376855130820246,3.443593987609473,103.460834371339,-0.0021816734672309712,0.2811757798587875,0.26857445931713686,0.3506315307491923,-0.04927908816548654,0.1514406392704566,0.0066404365261116816,8.47280489584298,0.18260703972413017,108.05393905827336,88.6423384831982,0.0,3.0,2.0
2011-09-30,0.06632652741918954,0.234758871592957,0.023443338902312538,0.205640470619872,-0.03929464170896779,0.15906469462968742,0.10326304365541177,0.2829985625132788,-0.07073990273047431,0.27467581875110936,-0.2823324774252549,0.12478768998388362,0.8290654292727171,12.45488394359296,374.1799206349206,-2207.112681362305,1.1932986180042122,24.7068775112433,98.4047535811754,0.30000000000001403,5.697868588547195,0.7308816976121975,2.5795014511605245,99.7717672259198,0.046815456809341294,0.24803381188059892,0.19802844471989323,0.252417138158747,0.07412546784018526,0.07914339688115946,-0.016434666040868184,15.4955718425617,0.3483023857297671,112.47922538844786,88.3685329933691,0.0,2.0,1.0
2011-12-31,0.053322497069306696,0.222303948048004,0.005095807574481137,0.03597904045044831,-0.026400062292358806,0.0984400728132524,0.08722746477311914,0.27939689967528175,-0.03958660231311098,0.3154456272169701,0.6140044409925083,0.1270397756266465,0.7294052027092277,12.454494004028652,368.78280193236714,-2175.629987685247,1.3701733156644045,20.2315556491257,98.3285581214885,0.4333333333333069,5.189121491977005,0.6760732512172005,2.12435476851242,99.4275035102121,-0.008385322669315576,0.2407331848371843,0.16749565234863373,0.18181665986842477,0.037087447151485264,0.06377854411040373,0.00841033599843577,6.00979109764286,0.0029926724798996496,109.89334236908576,91.3552075003079,0.0,2.0,1.0
2012-03-31,0.05187125920017999,0.212722802332558,-0.02490920282768283,-0.1230948164016884,-0.028444197237740554,0.07571182173569602,0.08422452226867345,0.26574663649186664,-0.03521876734626911,0.3012613757010121,1.4916629367775092,0.12756199341132657,0.7733863961328282,12.428816116823043,381.7468181818181,-2199.593030569373,1.4794569309457395,19.4405430029578,97.7244418269036,0.2666666666666737,3.644729674516995,-1.0222122852706974,0.7390280212921816,92.3822039244259,0.021027332100922447,0.15625231348855784,0.1097285233821903,0.12380089617307721,0.02268754046436494,0.0446575896666499,-0.00663319538974283,15.0713842106632,0.0497972366294539,101.92072361836848,89.5828990194941,1.0,1.0,0.0
2012-06-30,0.07188066741788823,0.225088483284056,-0.0009785112882743086,0.1365275426297965,-0.0367379948730297,-0.05077232537342358,0.07241932930045662,0.2435416515323256,-0.03159710170708124,0.4520575382001446,3.477575860894718,0.12440065570715003,0.6812503113977173,12.458386574144164,388.429564553094,-2223.6738512374586,1.42404415739722,18.1486641185386,94.0730943672662,0.19999999999997975,1.132049675404005,-1.27555706593159,0.18892288091599063,96.6154042165223,0.018375130842188225,0.06103514283480416,0.06312474979953997,0.0662816815654621,-0.08548424233632934,0.2044486629742701,0.00839076953828477,18.245538718333,-0.12479760399931794,107.1961439911048,89.6313772798322,0.0,1.0,0.0
2012-09-30,0.09118430806021038,0.248202891074818,-0.027916267401700057,-0.10676848123912286,-0.040084155122655174,-0.06062462181643502,0.09989051220108507,0.253173333898705,-0.02478859388974483,0.47957657319289004,1.9912727506040455,0.12466524042124659,0.6198100693787396,12.47457189856518,418.01,-2153.0564289591657,1.4049435967999286,17.8883562002757,92.4153278140121,0.09999999999998987,2.5620126631580007,-1.8706719436206996,1.15559326591743,83.9754120181021,0.020105082270071906,0.13287792774211837,0.15147059067132718,0.1825800440763301,-0.04417948250419235,0.32394329918753484,0.006858328201550634,26.2897673057135,-0.11476167734279186,111.98012945481976,87.5921179563332,0.0,1.0,0.0
2012-12-31,0.06262657180127285,0.275731679309049,-0.01791662616726042,-0.1005418663655554,-0.0322928907721281,0.0,0.11412462286381429,0.2557685930653904,-0.015205184047643677,0.517200996765101,0.8760679925723913,0.12684638632498088,0.4210674639977232,12.48861654012583,410.66063637354256,-2214.0070637740882,1.2265232867946003,16.6593365097234,92.723612097927,-0.09999999999998987,3.6760432675839922,-1.9691681308514113,1.5811813624110371,83.6010503476266,0.029316952555590525,0.07833482883112253,0.058224774418691894,0.07476745779904048,-0.017621259026885605,0.2336094988326871,0.020786650472390145,16.7396002459239,-0.07002584217462504,109.94147052140396,89.8350630598522,1.0,2.0,0.0
2013-03-31,0.07251191204330487,0.280273355441319,-0.01719761705974554,0.045639478298962866,-0.03825183333333332,0.0,0.10154677368245342,0.2609779281816641,-0.01407295693844468,0.5318248053351253,0.6518016235426298,0.12487274205924079,0.32829908562876375,12.505436222755792,404.78999999999996,-2210.908942760751,1.332234949473036,16.3732163140087,91.9270711101778,13.449999999999983,3.3876421679439943,-3.1229106726182962,1.7984406791767125,91.5784713554608,0.01454026289178545,0.014387531749072036,0.014407324001197486,0.02936021993594773,0.020833766617812888,0.006231094789871383,0.018226977580166892,15.6151731403291,0.14684808482672085,106.8275577803215,91.5225200177959,1.0,2.0,0.0
2013-06-30,0.00871261042026239,0.246025044308099,0.003479651744149548,-0.0665293448928661,-0.026575002777777773,0.0,0.10058717827577628,0.2610385769610914,-0.006510908593551967,0.5904096898122131,0.7064478361680295,0.12233967060610153,0.23364296762580739,12.513557345278134,411.48,-2152.3845894365472,1.265281561816083,15.3665308846937,92.1340381404288,10.496666666666684,5.727856724138988,-3.1309460981297867,0.7580824520491394,84.1502104142992,-0.010338134640152874,-0.023360703847339126,-0.03625247329217063,-0.021167479021063307,-0.025872571544162448,0.006589646117478365,0.020876251836794202,-1.55505487789077,0.18877089739391817,107.69075983646071,95.3307900627924,0.0,2.0,0.0
2013-09-30,0.01690159338443542,0.194316345863221,0.032097179520238495,-0.08725521455596419,-0.026478500000000016,0.030771658666753687,0.08902336004612628,0.2629091061548342,-0.0062664992921716844,0.6294235195088924,1.1535829747703326,0.12406865440520976,0.15939746173771585,12.515627393761982,412.7,-2196.8915305079563,1.2559063222980524,15.5310026544111,100.380417264451,9.17333333333332,9.307258305971999,-2.6395295633337064,0.8344443067620819,94.9048786873923,-0.050896120351206164,-0.024814606247037574,-0.012926181770005929,0.04281363266963889,-0.011216937331994359,0.32906104401529923,-0.01168809271662996,80.1847462285936,-0.17259079888953255,107.3717996470441,58.8745576127245,0.0,2.0,0.0
2013-12-31,0.05128262473241629,0.141868959444319,0.12728735081195897,-0.4818244982858465,-0.019346138398548623,0.030771658666753687,0.09234967497547375,0.29116334103515845,-0.0007280031793266417,0.6251274905806605,-0.15329167571796354,0.1250212125064679,0.16222474823802568,12.5184251573775,407.0933333333333,-2319.641968803807,1.2813134030505984,15.1991921937308,99.538687296273,8.709999999999983,7.145276526838003,-3.92837745125909,1.4490580153849582,104.937785723806,-0.1494230316614249,-0.17887534051271647,-0.1690296015726238,-0.07748842267902722,-0.02910725033555217,0.27279714359599017,-0.0345013936827967,89.1277787184656,-0.2978545368307256,106.41650461351402,67.5755635224516,0.0,1.0,0.0
2014-03-31,0.03009404082504674,0.101400014662583,0.1748030411831898,-0.5452074738736759,-0.002301888888888881,-0.048009219186360585,0.09767415683431974,0.29560665911408207,-0.00024303632607344805,0.6012826692289646,0.14131932740386177,0.12397034396429951,0.15310485040730315,12.518707828790495,404.1933333333333,-2307.2161608282036,1.284205801585568,14.8930551420339,98.6839867838853,9.630000000000006,5.37891127708501,-1.8243108113651019,0.9266526503230885,75.4058890289172,-0.19463626612584972,-0.21115209192199857,-0.22304210916929912,-0.08146129354843357,-0.0870205659813853,0.21514282543870045,-0.10170663223537546,72.7847198464427,-0.2980763732259294,103.46344970857234,71.5090170760899,0.0,0.0,0.0
2014-06-30,0.020706834306454036,0.107596638240562,0.13161965411392873,-0.43355204143254245,-0.004917138888888867,-0.08134563945395223,0.1002759038158672,0.27492064038362574,-0.0004458747414240183,0.5883093316854318,0.4512022187339304,0.12046133923970455,0.11693631361125711,12.519389237171593,411.5233333333333,-2318.6026340747044,1.180339154274262,14.5779521181045,97.9417605212591,9.099999999999998,3.8197497380010077,-0.8642412600925979,1.00066469144366,94.2511815533574,-0.1497386988046726,-0.240205833863265,-0.2253820758552607,-0.17324077697838014,-0.06094416068827846,-0.08895509141191094,-0.1604896784630696,94.5198605348761,-0.29235216573314715,104.8720754242752,61.9158359696863,0.0,0.0,0.0
2014-09-30,0.053609356903247196,0.143782649575642,0.12068531163934226,-0.31046173632176,-0.006648240740740691,-0.18232155679395445,0.08483094222674246,0.2669410164524168,-0.002801603876498998,0.4969864874185981,0.4402015955459204,0.12496089451196156,0.11826931007837294,12.519854322556363,411.38333333333327,-2379.20962641602,1.1719184141310632,14.7067344609931,101.213086097353,8.28,1.0512394347759937,-1.025946548275698,1.283127868752171,93.6511352259037,-0.08084941012870372,-0.16563593973659485,-0.13643779044605608,-0.1263769014902585,-0.0972546098133037,-0.08341417709811882,-0.12257235410525835,10.0301745196232,-0.03061813555993742,106.86435776619784,103.357798352562,0.0,0.0,0.0
2014-12-31,0.03398673611425962,0.155543089584081,0.03108401798071858,0.6465999303384913,-0.0057932500000000275,-0.2006706954621511,0.045512099582099584,0.2511952417060102,-0.021876946654725282,0.5675848964591022,0.3907877020537911,0.1191524068196147,0.18469365344961752,12.520186394021191,408.28000000000003,-2166.8882319279564,1.1865225237165467,14.4574412245953,102.520841372986,9.166666666666686,3.678263982283994,-1.668735471098298,1.5005216492736047,83.2017104532227,0.04973853833535968,-0.09281229867695384,-0.0896795483566315,-0.05945321319633101,-0.15169040123161137,0.10212032123098025,-0.11527713769517156,0.773246547863754,-0.09726055363227615,103.38481141478076,102.115367447336,0.0,0.0,0.0
2015-03-31,0.03392081961846993,0.124976230030853,-0.18857258262497323,-0.4768655244262717,0.02340477380952377,0.24583496251628079,0.02025463037827931,0.2410794734851369,-0.013514999173343561,0.5075806955295536,0.05048014363050202,0.11986832817180997,0.16080904882889357,12.521181947299144,474.97,-1996.109443063873,1.159952993904884,14.4528919696346,102.056670490113,11.056666666666626,6.2361977373079895,0.03304906039280198,4.291716685882502,80.9814674292879,0.24626172431301074,0.025030836659512445,0.056821429294317216,0.11052690488831018,0.15115337512608162,0.3892758937966099,-0.046008495866354804,15.1954852392639,-0.1660486910214003,98.6572634318432,101.016852795905,0.0,0.0,0.0
2015-06-30,0.045002219153661205,0.0655907715127701,-0.16350572165059252,-0.08414670395589219,-0.0013115840594654649,0.3169117107667194,-0.009295889772841173,0.2522250381979978,-0.0075112315819681474,0.4156889461283817,-0.09368816584867368,0.12304003725716131,0.12186478311276283,12.521795378137476,471.13,-1719.2849411339976,1.127905477993448,14.3232743645705,102.349139856974,10.733333333333306,6.148626649373995,-0.045691003426700405,5.414015397539208,86.9888030573741,0.2195028552093159,0.024130856429481984,0.04435736345738439,0.07540278356809327,0.14172704807059278,0.14201061015561134,0.16873847741123682,17.3867345504202,-0.07556514278689364,100.00000000000004,103.081191335282,0.0,0.0,0.0
2015-09-30,0.04257078436660966,0.0243566205649368,-0.16272258822964325,-0.02648858788277142,-0.010047666666666621,0.42348361361084264,-0.03441098782698636,0.27168549129358804,-0.005829120012567246,0.40965085150645897,-0.1559182676969012,0.1280241844450404,0.1633261953002596,12.522159942487121,472.53,-1448.3446378218987,1.1528651834894585,14.306053039867,103.503417515816,10.766666666666652,4.374195084640007,1.6834225326776995,3.708969782544811,87.461661594629,0.16186178379897687,0.002992324233145327,0.01830927465710519,0.05908860661846704,0.1346982805675636,0.12735516339930442,0.1597005819532087,11.570179261432,-0.10066132128114791,103.27607276104958,99.9918211554136,0.0,0.0,0.0
2015-12-31,0.01292611394675447,0.00919880269691832,-0.16815569537624941,-0.1080354639372787,-0.013395614848031867,0.39304258810960757,-0.044456505789214916,0.2800614244013225,0.0167735797214692,0.4049409588789532,-0.07991918406947196,0.12474740931942467,0.04633994484822579,12.522673421317402,473.71,-1281.4948510473682,1.091900928902417,12.6869052528652,104.431597513237,11.540000000000024,1.1945597960550032,-0.22973227136640162,4.901494776899636,91.6298887952189,0.1210555168010572,-0.008424985880507552,0.006765286964847572,0.03012701678802343,0.1585531555528581,0.110020269612223,0.16678368164955004,-3.07525551318505,0.013211910879882938,102.63567156864048,101.36885468688,0.0,0.0,0.0
2016-03-31,0.0440156601022621,0.00893555228840564,0.03150104767087791,2.323942791341431,-0.016311590476190463,-0.12260232209233246,-0.029144732418363555,0.2922752938643168,0.023019610794250883,0.3597227759626449,-0.04727318888130849,0.12493189693274333,-0.0037286855867703084,12.523501057800512,483.75,-1105.615363495376,0.9721762989512147,13.1943456903833,103.069038026399,-0.6099999999999888,-1.7556701765579987,2.1851116741847996,1.9813644829451977,85.4465752072902,-0.005409801198943076,0.022053683455578232,0.020001370899872528,0.021110157662095563,0.17485833668048856,0.029768359719798188,0.1756560419074802,-2.08074900669845,-0.015088361569907116,100.26407668534954,100.690628686408,-1.0,-1.0,0.0
2016-06-30,0.024323337794274202,0.0168767063252532,0.035133866794118784,0.8973272802332795,-0.012939175381263601,-0.2355660713127672,-0.01648919470731019,0.2804047357746656,0.02024882357284047,0.34486214945733806,0.025153257922306382,0.12600211356697824,0.02680682037940607,12.524129603729868,480.79,-1055.0083633568718,1.0129264397043205,13.3937843386821,100.021196831843,0.41000000000000725,-2.139240730758999,1.1692308374913978,1.842295459642493,86.87941896986,-0.03868215482842208,-0.02022408377133933,-0.017974080612947918,-0.0004111951739480535,0.13244637965730566,-0.002581263371192133,0.012159845019318105,3.64051145277891,-0.058055727134050494,101.96307121776177,100.305116819559,-1.0,-2.0,-1.0
2016-09-30,-0.025220316743355342,0.0332951672165044,0.124915359425118,0.28682073948361375,-0.0021180916666666827,-0.3532793549375941,0.0004412192900197656,0.2991390009830799,0.027143814761512258,0.30442737069414516,0.05275932045488507,0.12494918207356465,0.0027134734600091637,12.52441066747532,478.88,-957.0853189772909,0.8715319619541149,13.5211920384637,101.139163355368,-0.1499999999999968,-2.054821358777005,1.256657787961501,1.9171008884996077,76.9944942433707,-0.10423278577338912,-0.03410786864086146,-0.047637531032142966,-0.06330907536863495,0.07903843321491744,-0.07590474460093033,-0.014873263548478843,-2.18163816340924,0.1600546442483246,105.27948500207566,99.4106623413406,0.0,-2.0,-1.0
2016-12-31,-0.00988950201303418,0.0550242207206956,0.1860655717606623,0.25621400120821414,-0.0013346479717792625,-0.4117347211217601,0.057258056325245416,0.3245561968859227,0.03777347240760706,0.28276754419138883,0.09993336861063673,0.11822907898239078,-0.1071669518682351,12.525319450512232,474.46,-905.8455619036696,0.7904177954096576,13.9456372243722,102.641848646847,3.520000000000021,-1.0551768157420014,0.8358746869878022,0.08080681400990208,94.5106885929434,-0.14034051079790832,0.07987088352079463,0.05524836499998087,-0.04131815823557228,0.0399264968185844,-0.13310291777179717,-0.09810780650199447,13.449979100534,0.25128085183753135,103.79807634526496,101.037346281753,0.0,-2.0,-1.0
2017-03-31,0.07229165378435853,0.0691693901633546,0.1788265845007937,0.05707577017607224,-0.0042983888888888655,-0.3220834991691133,0.06376630886224273,0.32031851908459147,0.02722797238492633,0.256719112544044,0.3427725915657025,0.11801157859208657,-0.05558086539553908,12.506362406021037,483.94,-911.9116903314845,0.7488416362685215,14.539810916201,100.436524535327,1.2399999999999736,-0.4065748748609934,0.18113986635190216,-0.7824626108044495,106.52561310232,-0.14571302908616135,0.11965795918171795,0.15293000082778385,-0.023756415515107654,-0.2392353068192603,-0.11395711254063834,-0.1432693510438411,16.5553398595649,0.19542854645988283,98.87936178115253,102.941162363271,0.0,-1.0,-1.0
2017-06-30,0.06694243793059007,0.0847575614286178,0.18897193553853908,-0.1195358027334259,0.009448719029374192,-0.24686007793152553,0.07510216170122024,0.32189364003393645,0.020328140990169358,0.23499223758555599,0.14308221811777266,0.11747842326812695,0.026758809702723374,12.474641398513084,483.45,-945.6389603707952,0.7561029067694932,14.6637125580134,98.6852384583923,2.150000000000013,1.6058529023750054,-2.1120830429006006,-0.9394777949972717,113.073882232468,-0.15912470517144517,0.05083869298994803,0.04850265764284045,-0.03776035612806017,-0.24687486158693395,-0.09484109137510188,-0.14051241802695336,21.9774058843272,0.1636065186741027,95.79917740069814,101.599146942782,0.0,0.0,0.0
2017-09-30,0.044478240742990005,0.106168184073912,0.1349492227196698,-0.2525864127136558,-0.006644896240998371,-0.1655144384775733,0.08233531767916807,0.3221733178635887,0.0082794305086058,0.237003653689267,0.32450567216032566,0.11249156601934385,0.0584084355881993,12.476828178051274,480.47,-998.4742090562194,0.7719359774157949,15.2933475101646,97.1456716544023,2.570000000000002,1.1092579214279965,-3.1643342712416924,-1.407147992638631,99.8126722108434,-0.12543547935621513,-0.049581064081382964,-0.11128430097474373,-0.09854791166438281,-0.2576067004872098,-0.11866968266472977,-0.17047317800449602,20.0365275300579,-0.07929017983078368,99.46876444132238,102.632353691508,0.0,0.0,0.0
2017-12-31,0.11375333959117273,0.136758722799428,0.10296748275350742,-0.29997682078892596,0.0003150165876777411,-0.05826890812397556,0.060574400527880906,0.32145788246843376,-0.01276496163677085,0.21228523483392459,1.3139457689635208,0.11210796615125208,0.29995450733962237,12.495684672602684,478.41,-1243.550763880824,0.8731631715255092,16.4302232599017,97.9787038227497,-0.120000000000001,2.462245305370004,-2.915376899713909,-2.520711801421305,112.423293834556,-0.09541131535987002,-0.2015764525619158,-0.18777190357268225,-0.19349066802369275,-0.2778275232146572,-0.2700528390864724,-0.11513242761270237,39.2321728640074,-0.11625655069491359,98.77276630335056,100.965348787492,0.0,0.0,0.0
2018-03-31,0.09919840233482247,0.160800978157534,0.054545370024507545,0.11983902963444915,0.030988833333333354,0.0,0.06438639412246189,0.30784219409004804,-0.01330363349553143,0.1776671395111844,0.5425890003292173,0.10644724669427845,0.3046970681867136,12.532412554218274,484.14,-1402.8828042308733,0.977499926627549,16.4514865062443,96.280287790136,1.1800000000000281,4.122597215712005,-4.448033118989709,-5.106079677749152,94.3952941032238,-0.16174322005902497,-0.33826573209990696,-0.3432517192944152,-0.32076972134982984,-0.2605938050762414,-0.4191856718399328,-0.10527169036284856,34.3590187765862,0.0036205757331666533,98.26380643637964,105.875196526833,0.0,0.0,0.0
2018-06-30,0.07374840767861635,0.176445489101739,0.05835808848602575,-0.44022023658962695,-0.012924666666666668,0.0,0.06718403178508243,0.2703719722806577,-0.013425716933951642,0.2230331729012578,0.8162239065188044,0.10601663189674337,0.32473757755898425,12.55612113749569,480.06,-1571.4801597299775,0.9488845293410376,15.9319361904167,97.8316596800763,0.5400000000000453,2.0162415800819957,-4.575641143045399,-5.762538229509898,119.183246575849,-0.036411446501493416,-0.2971430807209481,-0.2846269085450458,-0.2981421299880235,-0.2292413749658504,-0.2924417744928126,-0.1166950095495155,31.9644918855648,-0.06555174455787294,102.28958149088724,105.843399896983,0.0,0.0,0.0
2018-09-30,0.02767901999210709,0.183228390270484,-0.019302400279300302,0.33285888456475865,0.01083438888888888,0.0,0.07049692715252177,0.28138659420545226,-0.01335201007131051,0.33274753443910865,1.311412855868872,0.1074184611162872,0.4183134903672736,12.577526478074873,482.24,-1739.6843977124258,1.0657233604052367,15.6792230801996,101.611922215007,-0.7099999999999866,3.7074069741220086,-5.95324368344739,-4.766930752599061,111.569849984472,0.00600646095820645,-0.24236028262877252,-0.27275645211340815,-0.27771735600536396,-0.16679139404577004,-0.2429818131916578,-0.023906405088358174,4.69589429222641,0.05529180102075326,106.74233027379604,105.107051926578,0.0,0.0,0.0
2018-12-31,0.03274698075348703,0.179105412098732,0.0023288100625278307,-0.2237873088588621,-0.009409361111111098,0.0,0.05307938872720966,0.27276251170034743,-0.0101863710303636,0.43091781284176944,2.0621610571550257,0.10581201233985253,0.61856272595911,12.596624065072609,482.71,-1752.742382165062,1.1330356970981919,15.1539841395052,101.632292452437,0.18999999999998352,2.6750449525160036,-4.212235614313109,-6.302165660071822,94.8648751144267,0.025199684500357478,-0.26772981185629763,-0.24643135639029268,-0.23173469248662248,-0.11428655144058442,-0.21056442696328115,-0.009990194940156405,12.6283793974979,-0.11502956832609801,106.96337045562277,104.96137634967,0.0,0.0,0.0
2019-03-31,0.07604780233860997,0.187426986480477,0.027864738251847765,-0.42596808907229133,-0.007837222222222245,-0.040821994520255256,0.05702613965870324,0.27228117817518704,-0.007665027397416424,0.5288041741696863,2.7381235283111307,0.10355423917781666,0.6025550098134471,12.624483892603864,483.75,-1763.538431494992,1.1496185746595757,16.0111213361388,100.416028942523,-3.0400000000000027,1.974776318334989,-5.679857560023105,-3.2140728649228087,102.705497175648,0.10806606355462955,-0.2712657601113283,-0.2830421046973408,-0.2845140396428254,-0.09803266390152598,-0.18747552714248306,0.016701746024870845,25.0932877235945,-0.10197600312837596,106.12517084143036,104.819679610348,0.0,0.0,0.0
2019-06-30,0.07048817852110711,0.200033959112249,-0.026091773361304305,0.7958404294692476,0.019210744350282444,-0.06187540371808753,0.054340693020132905,0.27153536378165155,-0.007032524930789402,0.658117609731605,2.46186313688935,0.10777433212153398,0.51540508001505,12.64947559297873,486.44,-1695.9819972023397,1.1306089542831328,15.6322098537013,101.210142735647,-3.260000000000014,3.1334088070300083,-5.577345603024401,-3.270687230298373,116.294354753986,-0.058244132819931016,-0.2465478884789014,-0.25548970359644385,-0.2504408296865023,-0.05872106158589574,-0.15575125240511567,0.04470988646624696,14.2686860112603,-0.11010148390043117,109.60736558054644,110.024138758125,1.0,1.0,0.0
2019-09-30,0.08150347811784142,0.207857618729621,0.04426611582654094,-0.2739030030515729,0.004595083333333333,-0.08338160893905089,0.061469517991040445,0.27574580276846666,-0.003912164166584686,0.7826064564130799,1.7350381505084846,0.10306841242845609,0.5156676983637094,12.680385160000297,477.1,-1627.1112787348266,1.0072155524556508,15.4126359791624,102.402235135752,-5.65,1.1475442405329943,-5.239592587902596,-4.096021270463338,112.228131488128,-0.045858886857020664,-0.18268239437539013,-0.1890983335690849,-0.17502851235634664,-0.02873271368662289,-0.11486310870563587,-0.030754031361724943,17.8881959021185,-0.0702839376529042,117.22945847183102,108.434757397648,0.0,1.0,0.0
2019-12-31,0.07584483344307236,0.210729237843668,0.0032798498715835844,0.6991613792257043,0.029222500000000012,-0.10536051565782634,0.079374438002284,0.2707450727279426,-0.0008033334180541363,0.9627948098964192,2.5502512759287703,0.10311627208180935,0.3811722129736035,12.740956534389236,475.97,-1808.9837588633482,1.01097344213336,15.2192219070455,101.551811185874,-7.300000000000022,1.096492026736982,-4.362072894910391,-1.934043021488021,155.027688823279,-0.1178507942871827,-0.17788734558316954,-0.17329035165174944,-0.15956600054318681,-0.03149405857045251,-0.05402064459833533,-0.040662995023099446,10.4674171868444,-0.07881665661457371,122.51427275016736,112.906072951441,0.0,1.0,0.0
2020-03-31,0.04223916178799425,0.181418533506221,0.07349879600642883,-0.29855413544789167,0.007668919999999996,-0.08701137698962969,0.08008606013800748,0.27032341130308896,-0.009844176959920431,1.1716522975608932,2.7764844877486583,0.10420943748748077,0.45604792564242236,12.763374069077518,479.7,-1778.3871425924422,1.0321367378723627,15.4875246644833,100.068272353616,-0.4399999999999551,-0.16547586445199158,-4.901635460473511,-0.826094395792639,116.877460371829,-0.12043047908093707,-0.2076308069512588,-0.17495361080109373,-0.17004922611598006,-0.04956321092378435,-0.052894976072869304,-0.0860508348746929,7.1209594303795,-0.04828105982024111,122.09099949450808,117.165035714614,2.0,3.0,1.0
2020-06-30,-0.13650175039789914,0.126496869081777,0.05908020993919849,-0.35885230539425605,0.01299282052876044,-0.13657553500575093,0.09211513943840328,0.2689933373995563,-0.0007732134996820128,1.178801195132487,0.5163409470657878,0.10171823035957347,0.5272735890540328,12.74288494444802,504.47,-1707.5357465797297,1.0210848014173826,15.1482047528548,102.921422592875,-6.260000000000012,1.6041047026089927,-2.6398117458399,-1.2688532725197685,78.6649869104946,-0.06467277649876957,-0.20446767514795727,-0.2521083060163911,-0.11082268096692727,-0.024759383704545224,-0.07914392555260452,-0.1204617274120452,-20.9659166282549,0.2709833210264194,118.88059673663602,114.968938070698,-1.0,1.0,1.0
2020-09-30,-0.08758274129088695,0.0774410349223893,0.05394129078643406,-0.3734735992182646,0.0015334549900439254,-0.24512245803298516,0.08605202630560478,0.27682079976351776,-0.0036701346553371372,1.2616080776417231,1.552051785086967,0.10410070331561887,0.4839779084325364,12.712972391293658,482.36,-1720.6040472050202,0.9665167694457032,15.2560117575753,98.8475656065658,-8.770000000000003,2.0036846393109897,-1.6744658954797096,-0.6925383745777314,89.8558569092797,-0.09750171636329652,-0.22892232291352776,-0.2123474684753881,-0.11295847741376441,-0.05122502327079281,-0.11167330021931654,-0.06226794634662036,-21.148487749099,0.18093383168548538,119.2179574387712,109.055506419293,1.0,2.0,1.0
2020-12-31,-0.08666073063796365,0.0332411692165562,0.0174446707164595,-0.40661034908376736,0.003337628000654208,-0.2803019651541585,0.07203403143720045,0.25620969799528803,-0.006447748272700421,1.29976732927507,0.23676621693572386,0.10443773086289126,0.5856759006373038,12.701087572722615,488.41,-1264.1062130236471,0.9858931675391085,15.2208507743743,95.1653165102225,-5.669999999999998,2.817224001912024,-1.9287235781667889,-0.7942876560786081,79.4704750195765,0.019233509369550372,-0.07394573392789006,-0.09651288509015232,-0.15147042445862624,-0.019342252917751712,-0.15410775222086015,-0.08146021957666771,-13.0780902768669,0.28966157584899754,115.19395897351563,106.638501245115,0.0,2.0,1.0
2021-03-31,-0.016668086828910966,0.020649976307998,-0.07157716861795471,0.17314893610197624,0.003494226108817139,-0.022989518224698635,0.06889306335440519,0.28105016413734063,-0.0004430567686658782,1.5854505946717876,3.122954461287554,0.10243611764099722,0.6233144090266005,12.694122681675054,522.59,-1138.7100755681952,0.9380421232322076,14.932496984018,,-3.9000000000000075,,,,,,,,,,,0.03846017259117929,,,,,,,
2021-06-30,0.09301868312786543,0.0378417181073225,-0.05646965244223123,-0.2303087557630653,-0.001564457134699132,0.11506932978478757,0.04766759741998881,0.3084218152606285,-0.0032684757975671996,1.6301661730515744,2.1989269939841676,0.10230886696225144,0.63155116757336,12.720786156205117,531.17,-1051.2634911589935,0.8858668698619895,15.0601653509424,,-6.1500000000000234,,,,,,,,,,,,,,,,,,
2021-09-30,0.022918233963654222,0.057869741909141,-0.11537136263527947,-0.24605849948075953,-0.009107670833333331,0.40546510810816416,0.04308883407015759,0.3166961931136866,0.001186207073837292,1.5209134546090435,1.0472961785481734,0.10442720460331603,0.8020450006733837,12.75374729109273,520.61,-933.3856655895494,1.0793461112069844,14.8561024733125,,-6.51,,,,,,,,,,,,,,,,,,
2021-12-31,0.11498884533686105,0.0810837707934203,-0.09555173156039343,-0.4818317937793347,-0.004472921429968718,0.534082485930258,0.07065755636918562,0.32034675658911255,0.0026934322269049626,1.5106979625684178,1.227158994346544,0.10475146667635409,0.7463125246561815,12.793821430926995,493.12,-1107.8624132939574,1.1844086048535838,14.7013585293704,,-6.2800000000000065,,,,,,,,,,,,,,,,,,
2022-03-31,0.08690674260580611,0.102205696021844,-0.08265813715341797,-0.555762245432515,-0.004619972222222241,0.3976829676661091,0.08849225561632561,0.3106530066805556,0.002967653014626176,1.554962685617665,1.2446919634303013,0.10394659520430118,0.6443816565838707,12.83224196855283,481.11,-1137.7387523098514,1.3518110970375792,,,,,,,,,,,,,,,,,,,,,
2022-06-30,0.13208519414838782,0.112400465269257,-0.1066384030441514,-0.523778797294564,-0.0013056698402289513,0.41268535608165147,0.15641015192663987,0.326224685949191,0.015697490400108427,1.4154502224892398,0.7408233595153604,0.10428392898853414,0.5488913025164406,12.87444965367388,488.6,-1070.4959934081935,1.4838012605670443,,,,,,,,,,,,,,,,,,,,,
2022-09-30,0.1476872902880555,0.119151712166813,-0.08616690940883986,-0.30366895958586426,-8.302870479667823e-05,0.32850406697203605,0.1907658247753609,0.3481828877549778,0.02406699973330012,1.3931858467756952,0.9271435956563725,0.10987604875163852,0.4879933323074537,12.882859449264195,419.63,-701.1590520550162,1.4596860053434397,,,,,,,,,,,,,,,,,,,,,
2022-12-31,0.12696266042204551,0.113316473807151,-0.0871601523190989,-0.7267827481108786,-0.0009298102391515906,0.3462762367178338,0.21627664195756763,0.370098501408607,0.031189815808341737,1.3142052068272956,0.6263822906079968,0.11452545726343498,0.28849243572965366,12.899401627745014,416.27,-148.20216456642993,1.4768376878696046,,,,,,,,,,,,,,,,,,,,,
2023-03-31,0.12100450900056647,0.108515538949282,-0.07029142310959802,-0.5895942874255664,-0.004374534651704121,0.27193371548364187,0.22973242955444512,0.3822570875504046,0.028752210347660123,1.2225533128301307,0.6655344887724555,0.11410164842376908,0.2792918707162826,12.921403751316856,393.57,-136.40436667983477,1.51576439257092,,,,,,,,,,,,,,,,,,,,,
2023-06-30,0.08833963650209675,0.111266088737913,-0.01983308530612693,-0.6958658061644144,0.002596829780961901,0.2130205436827608,0.1804260563698004,0.3546163019550278,0.01979406874581538,1.311266993219557,2.205274441068542,0.11971579017794513,0.37002590163733595,12.950064156071868,388.35,-275.44659152057056,1.4663513715757568,,,,,,,,,,,,,,,,,,,,,
2023-09-30,0.054356717246757835,0.114262764419187,0.020310809976147315,-0.5704999541326479,0.004008568181818217,0.1013524942602877,0.18457617453809194,0.3571409673965422,0.00904757309126486,1.3052754363738166,0.6327984328959833,0.12241932933642388,0.30578061357165987,12.981239599060459,386.06,-413.3421476831377,1.2513420460431226,,,,,,,,,,,,,,,,,,,,,
2023-12-31,0.04671633726523261,0.127581137763419,0.04086157734571172,-0.29224404656319813,-0.002875455630369672,-0.06291382541056922,0.13100080441951434,0.33139742543755946,-0.004034263635069452,1.177560837372614,1.4670398614277746,0.12437264824386908,0.44377180052310816,13.024570117306197,391.0,-413.3421476831377,1.2909078707116783,,,,,,,,,,,,,,,,,,,,,
2024-03-31,0.056905469351021365,0.13502650970255,0.06181239949711381,0.8279595137905589,0.008151084372679085,-0.1541506798272585,0.1386840515942075,0.34227062138906916,-0.00863504967562198,1.0910526409373267,0.25149822326992033,0.1254954533392789,0.5200755145021378,13.029530127474896,405.0,-413.3421476831377,1.4052157555989122,,,,,,,,,,,,,,,,,,,,,
